source_drive_id,source_title,source_path,mime_type,target_file_id,target_relative_folder,status,message
1aXwUBCtUgaNQ6qD38VOr2NskKKz8JO8S,Talkative Birdie-GÖRSELLER.zip,TELLPAL-ORTAK/!!!! BİTEN HİKAYELER (TR-ENG) --> TÜM SÜREÇLERİ BİTENLERİ BURAYA KOYUN/YAYINLANAN HİKAYELER/Talkative Birdie/Talkative Birdie-GÖRSELLER.zip,application/zip,1Ixb-tgddoWvKexgju-Zy-jgc7PRybamO,en/!!!! BİTEN HİKAYELER (TR-ENG) --> TÜM SÜREÇLERİ BİTENLERİ BURAYA KOYUN/YAYINLANAN HİKAYELER/Talkative Birdie,COPIED,
1_uhwEdHcOJUX5b9UMwCwO-ZJIX8DWmTn,1.wav,TELLPAL-ORTAK/!!!! BİTEN HİKAYELER (TR-ENG) --> TÜM SÜREÇLERİ BİTENLERİ BURAYA KOYUN/YAYINLANAN HİKAYELER/Talkative Birdie/Talkative Birdie-Seslendirme- wav'dan mp3'e dönecek/1.wav,audio/wav,1Z7G_qyCTNBBjEGLyLFA3D-c5mZP5GL8z,en/!!!! BİTEN HİKAYELER (TR-ENG) --> TÜM SÜREÇLERİ BİTENLERİ BURAYA KOYUN/YAYINLANAN HİKAYELER/Talkative Birdie/Talkative Birdie-Seslendirme- wav'dan mp3'e dönecek,COPIED,
1i4_5D0TVVcmNsHbIXJlMCaNijyp89VEy,10.wav,TELLPAL-ORTAK/!!!! BİTEN HİKAYELER (TR-ENG) --> TÜM SÜREÇLERİ BİTENLERİ BURAYA KOYUN/YAYINLANAN HİKAYELER/Talkative Birdie/Talkative Birdie-Seslendirme- wav'dan mp3'e dönecek/10.wav,audio/wav,1-xxVSzcktyqV73t0JSun9ZpVRoAoc1ul,en/!!!! BİTEN HİKAYELER (TR-ENG) --> TÜM SÜREÇLERİ BİTENLERİ BURAYA KOYUN/YAYINLANAN HİKAYELER/Talkative Birdie/Talkative Birdie-Seslendirme- wav'dan mp3'e dönecek,COPIED,
1ZzQmgT9pyX4EBeM9bNmlAc36JqcYRWgn,11.wav,TELLPAL-ORTAK/!!!! BİTEN HİKAYELER (TR-ENG) --> TÜM SÜREÇLERİ BİTENLERİ BURAYA KOYUN/YAYINLANAN HİKAYELER/Talkative Birdie/Talkative Birdie-Seslendirme- wav'dan mp3'e dönecek/11.wav,audio/wav,1MIWbTDd7HU3uT4JolcZVCEcTTgejDcwB,en/!!!! BİTEN HİKAYELER (TR-ENG) --> TÜM SÜREÇLERİ BİTENLERİ BURAYA KOYUN/YAYINLANAN HİKAYELER/Talkative Birdie/Talkative Birdie-Seslendirme- wav'dan mp3'e dönecek,COPIED,
1Ll1S1pY2BF44ILWctIhZVG6fI3c_duIM,12.wav,TELLPAL-ORTAK/!!!! BİTEN HİKAYELER (TR-ENG) --> TÜM SÜREÇLERİ BİTENLERİ BURAYA KOYUN/YAYINLANAN HİKAYELER/Talkative Birdie/Talkative Birdie-Seslendirme- wav'dan mp3'e dönecek/12.wav,audio/wav,1xyjT9m24-vfdTcoBLy6L3PqIZGlG63wq,en/!!!! BİTEN HİKAYELER (TR-ENG) --> TÜM SÜREÇLERİ BİTENLERİ BURAYA KOYUN/YAYINLANAN HİKAYELER/Talkative Birdie/Talkative Birdie-Seslendirme- wav'dan mp3'e dönecek,COPIED,
1fbuI1NgTFBltnzqEJKrl2m6i-sSD7rcd,13.wav,TELLPAL-ORTAK/!!!! BİTEN HİKAYELER (TR-ENG) --> TÜM SÜREÇLERİ BİTENLERİ BURAYA KOYUN/YAYINLANAN HİKAYELER/Talkative Birdie/Talkative Birdie-Seslendirme- wav'dan mp3'e dönecek/13.wav,audio/wav,1YQ_NylVfF7JtuRx6DXTyGBuF4wFfK-WB,en/!!!! BİTEN HİKAYELER (TR-ENG) --> TÜM SÜREÇLERİ BİTENLERİ BURAYA KOYUN/YAYINLANAN HİKAYELER/Talkative Birdie/Talkative Birdie-Seslendirme- wav'dan mp3'e dönecek,COPIED,
1Gg8aLX77xiHl9Xk8iOmjK-WWW3-HLodz,14.wav,TELLPAL-ORTAK/!!!! BİTEN HİKAYELER (TR-ENG) --> TÜM SÜREÇLERİ BİTENLERİ BURAYA KOYUN/YAYINLANAN HİKAYELER/Talkative Birdie/Talkative Birdie-Seslendirme- wav'dan mp3'e dönecek/14.wav,audio/wav,1173sDLE4UKOrMe4wouTESamdbC9Uslg7,en/!!!! BİTEN HİKAYELER (TR-ENG) --> TÜM SÜREÇLERİ BİTENLERİ BURAYA KOYUN/YAYINLANAN HİKAYELER/Talkative Birdie/Talkative Birdie-Seslendirme- wav'dan mp3'e dönecek,COPIED,
1QXTF24ezMNvt75Hav3DcR6bpXBnhJpxC,15.wav,TELLPAL-ORTAK/!!!! BİTEN HİKAYELER (TR-ENG) --> TÜM SÜREÇLERİ BİTENLERİ BURAYA KOYUN/YAYINLANAN HİKAYELER/Talkative Birdie/Talkative Birdie-Seslendirme- wav'dan mp3'e dönecek/15.wav,audio/wav,1NA3xYohXJZC5Waax-qQXYWtM-BXi32Xl,en/!!!! BİTEN HİKAYELER (TR-ENG) --> TÜM SÜREÇLERİ BİTENLERİ BURAYA KOYUN/YAYINLANAN HİKAYELER/Talkative Birdie/Talkative Birdie-Seslendirme- wav'dan mp3'e dönecek,COPIED,
1SKs1QKE3tFx1q6uHXtAL6ptQ0ww4zBMQ,16.wav,TELLPAL-ORTAK/!!!! BİTEN HİKAYELER (TR-ENG) --> TÜM SÜREÇLERİ BİTENLERİ BURAYA KOYUN/YAYINLANAN HİKAYELER/Talkative Birdie/Talkative Birdie-Seslendirme- wav'dan mp3'e dönecek/16.wav,audio/wav,1HeA_16mAsd1JkDPKvYzLHobl3jLu4U1A,en/!!!! BİTEN HİKAYELER (TR-ENG) --> TÜM SÜREÇLERİ BİTENLERİ BURAYA KOYUN/YAYINLANAN HİKAYELER/Talkative Birdie/Talkative Birdie-Seslendirme- wav'dan mp3'e dönecek,COPIED,
1XlMxmr0fyvOZn5r3Kqj8-i2VH3xapDSB,17.wav,TELLPAL-ORTAK/!!!! BİTEN HİKAYELER (TR-ENG) --> TÜM SÜREÇLERİ BİTENLERİ BURAYA KOYUN/YAYINLANAN HİKAYELER/Talkative Birdie/Talkative Birdie-Seslendirme- wav'dan mp3'e dönecek/17.wav,audio/wav,1UK_RkRL1s5PhBxjoxlxWyo3BjEIQd1ma,en/!!!! BİTEN HİKAYELER (TR-ENG) --> TÜM SÜREÇLERİ BİTENLERİ BURAYA KOYUN/YAYINLANAN HİKAYELER/Talkative Birdie/Talkative Birdie-Seslendirme- wav'dan mp3'e dönecek,COPIED,
1Km-1EymWGIn-Oj5pVSnWa0j3NWVQUFiA,18.wav,TELLPAL-ORTAK/!!!! BİTEN HİKAYELER (TR-ENG) --> TÜM SÜREÇLERİ BİTENLERİ BURAYA KOYUN/YAYINLANAN HİKAYELER/Talkative Birdie/Talkative Birdie-Seslendirme- wav'dan mp3'e dönecek/18.wav,audio/wav,15GooWjvz3C2CD2OcgNK9ug8Bp4uJzKlA,en/!!!! BİTEN HİKAYELER (TR-ENG) --> TÜM SÜREÇLERİ BİTENLERİ BURAYA KOYUN/YAYINLANAN HİKAYELER/Talkative Birdie/Talkative Birdie-Seslendirme- wav'dan mp3'e dönecek,COPIED,
1kQnxWruf8Txr8hXfk_4IuWSqyQ6khe8O,19.wav,TELLPAL-ORTAK/!!!! BİTEN HİKAYELER (TR-ENG) --> TÜM SÜREÇLERİ BİTENLERİ BURAYA KOYUN/YAYINLANAN HİKAYELER/Talkative Birdie/Talkative Birdie-Seslendirme- wav'dan mp3'e dönecek/19.wav,audio/wav,1KhdhPTbg2S9h3DEYaBQKuvG-tX63XVoV,en/!!!! BİTEN HİKAYELER (TR-ENG) --> TÜM SÜREÇLERİ BİTENLERİ BURAYA KOYUN/YAYINLANAN HİKAYELER/Talkative Birdie/Talkative Birdie-Seslendirme- wav'dan mp3'e dönecek,COPIED,
11_gb05P1TDWV934ApjByDDWonWfg-Y70,2.wav,TELLPAL-ORTAK/!!!! BİTEN HİKAYELER (TR-ENG) --> TÜM SÜREÇLERİ BİTENLERİ BURAYA KOYUN/YAYINLANAN HİKAYELER/Talkative Birdie/Talkative Birdie-Seslendirme- wav'dan mp3'e dönecek/2.wav,audio/wav,1Lm8KCO8VHHQ7yu32wb55bG9a3xsELJGM,en/!!!! BİTEN HİKAYELER (TR-ENG) --> TÜM SÜREÇLERİ BİTENLERİ BURAYA KOYUN/YAYINLANAN HİKAYELER/Talkative Birdie/Talkative Birdie-Seslendirme- wav'dan mp3'e dönecek,COPIED,
1fGmBupV071zaY0OLKppSRuXA8BcaI7zy,3.wav,TELLPAL-ORTAK/!!!! BİTEN HİKAYELER (TR-ENG) --> TÜM SÜREÇLERİ BİTENLERİ BURAYA KOYUN/YAYINLANAN HİKAYELER/Talkative Birdie/Talkative Birdie-Seslendirme- wav'dan mp3'e dönecek/3.wav,audio/wav,1EYNyrJRJB22xk0Q7yS8cptv73ePfJZuS,en/!!!! BİTEN HİKAYELER (TR-ENG) --> TÜM SÜREÇLERİ BİTENLERİ BURAYA KOYUN/YAYINLANAN HİKAYELER/Talkative Birdie/Talkative Birdie-Seslendirme- wav'dan mp3'e dönecek,COPIED,
197K9J9IGeWQ_swUYyoMVwAAuARJzazfE,4.wav,TELLPAL-ORTAK/!!!! BİTEN HİKAYELER (TR-ENG) --> TÜM SÜREÇLERİ BİTENLERİ BURAYA KOYUN/YAYINLANAN HİKAYELER/Talkative Birdie/Talkative Birdie-Seslendirme- wav'dan mp3'e dönecek/4.wav,audio/wav,1MXxYjZ2jcg3p736CQrihkceqlLL43VHF,en/!!!! BİTEN HİKAYELER (TR-ENG) --> TÜM SÜREÇLERİ BİTENLERİ BURAYA KOYUN/YAYINLANAN HİKAYELER/Talkative Birdie/Talkative Birdie-Seslendirme- wav'dan mp3'e dönecek,COPIED,
11FoWRliXMPVGTQufeAwl9aDO0GasHzNG,5.wav,TELLPAL-ORTAK/!!!! BİTEN HİKAYELER (TR-ENG) --> TÜM SÜREÇLERİ BİTENLERİ BURAYA KOYUN/YAYINLANAN HİKAYELER/Talkative Birdie/Talkative Birdie-Seslendirme- wav'dan mp3'e dönecek/5.wav,audio/wav,1cJFZIDdK_yn2_5SrKFjMV_yDEc8jgSeu,en/!!!! BİTEN HİKAYELER (TR-ENG) --> TÜM SÜREÇLERİ BİTENLERİ BURAYA KOYUN/YAYINLANAN HİKAYELER/Talkative Birdie/Talkative Birdie-Seslendirme- wav'dan mp3'e dönecek,COPIED,
1ox14tJsBN3bjhm0wUBoS_f6N9AUs5g9J,6.wav,TELLPAL-ORTAK/!!!! BİTEN HİKAYELER (TR-ENG) --> TÜM SÜREÇLERİ BİTENLERİ BURAYA KOYUN/YAYINLANAN HİKAYELER/Talkative Birdie/Talkative Birdie-Seslendirme- wav'dan mp3'e dönecek/6.wav,audio/wav,1aZavE5Zt1vp0NZN0BQm5apHVvZwzh_Cr,en/!!!! BİTEN HİKAYELER (TR-ENG) --> TÜM SÜREÇLERİ BİTENLERİ BURAYA KOYUN/YAYINLANAN HİKAYELER/Talkative Birdie/Talkative Birdie-Seslendirme- wav'dan mp3'e dönecek,COPIED,
1h3kD1p_fE9poZjjb3HX_fMdPBqFWgzm3,7.wav,TELLPAL-ORTAK/!!!! BİTEN HİKAYELER (TR-ENG) --> TÜM SÜREÇLERİ BİTENLERİ BURAYA KOYUN/YAYINLANAN HİKAYELER/Talkative Birdie/Talkative Birdie-Seslendirme- wav'dan mp3'e dönecek/7.wav,audio/wav,1reXgQYg7HOKtl-I4mnRFXFT7qnfiwy9h,en/!!!! BİTEN HİKAYELER (TR-ENG) --> TÜM SÜREÇLERİ BİTENLERİ BURAYA KOYUN/YAYINLANAN HİKAYELER/Talkative Birdie/Talkative Birdie-Seslendirme- wav'dan mp3'e dönecek,COPIED,
1-RS34Vx4UpkFIhNqVGzBGQE_uUwQyu9k,8.wav,TELLPAL-ORTAK/!!!! BİTEN HİKAYELER (TR-ENG) --> TÜM SÜREÇLERİ BİTENLERİ BURAYA KOYUN/YAYINLANAN HİKAYELER/Talkative Birdie/Talkative Birdie-Seslendirme- wav'dan mp3'e dönecek/8.wav,audio/wav,1blYfwyiHJFG0ZC6g-zh49beTsgynbkzT,en/!!!! BİTEN HİKAYELER (TR-ENG) --> TÜM SÜREÇLERİ BİTENLERİ BURAYA KOYUN/YAYINLANAN HİKAYELER/Talkative Birdie/Talkative Birdie-Seslendirme- wav'dan mp3'e dönecek,COPIED,
1YzyKjcyg4-QDDX3DaXjozI_PQ6tjeY2z,9.wav,TELLPAL-ORTAK/!!!! BİTEN HİKAYELER (TR-ENG) --> TÜM SÜREÇLERİ BİTENLERİ BURAYA KOYUN/YAYINLANAN HİKAYELER/Talkative Birdie/Talkative Birdie-Seslendirme- wav'dan mp3'e dönecek/9.wav,audio/wav,1dd4hZbF2Z2SsVtPR6s2T9a-6tyPLN2NV,en/!!!! BİTEN HİKAYELER (TR-ENG) --> TÜM SÜREÇLERİ BİTENLERİ BURAYA KOYUN/YAYINLANAN HİKAYELER/Talkative Birdie/Talkative Birdie-Seslendirme- wav'dan mp3'e dönecek,COPIED,
1NKfAedalPK7Cjuj-6ZsQLz6_Zxxii8R5,Full record.wav,TELLPAL-ORTAK/!!!! BİTEN HİKAYELER (TR-ENG) --> TÜM SÜREÇLERİ BİTENLERİ BURAYA KOYUN/YAYINLANAN HİKAYELER/Talkative Birdie/Talkative Birdie-Seslendirme- wav'dan mp3'e dönecek/Full record.wav,audio/wav,1YdEpGfSUzCFHxjeSAU-PNSPI1LwN-phx,en/!!!! BİTEN HİKAYELER (TR-ENG) --> TÜM SÜREÇLERİ BİTENLERİ BURAYA KOYUN/YAYINLANAN HİKAYELER/Talkative Birdie/Talkative Birdie-Seslendirme- wav'dan mp3'e dönecek,COPIED,
1NR3-omLvK7Rhto1c9AblO-tXboDtnY0e,Talkative Birdie.zip,TELLPAL-ORTAK/GONCA- Çizimler/Talkative Birdie.zip,application/zip,1rQrjcSUKmeDoR0yaaPK2oK9h-W42Ctqp,en/GONCA- Çizimler,COPIED,
10dmaPKstr3FB4abEtZJa5ear6_iopAwx,Talkative Birdie.docx,TELLPAL-ORTAK/ONAY ALMIŞ METİNLER/Yayınlanan İngilizce Hikaye Metinleri/Talkative Birdie.docx,application/vnd.openxmlformats-officedocument.wordprocessingml.document,15czSHfmcF1GxGiPsti59yV36jpvVybk-,en/ONAY ALMIŞ METİNLER/Yayınlanan İngilizce Hikaye Metinleri,COPIED,
